split_index,outer_seed,architecture,n_base_models,MAE,RMSE,R2,Pearson_r,Spearman_r,training_time,prediction_time
1,7,RF,1,0.10758684711148803,0.17846167703677135,0.8584541554314435,0.9270712746964836,0.9320735501564935,223.65668940544128,0.0
1,7,ET,1,0.10917054112452637,0.17472967708576118,0.8643122837129686,0.9317240012211391,0.9367281839502666,318.2072489261627,0.0
1,7,XGBoost,1,0.12683701497452748,0.17835856141420806,0.8586176792920487,0.9301491765389776,0.9312209154299953,43.69912314414978,0.0
1,7,DNN,1,0.45704632745056506,0.6515344919834973,-0.8866094632847787,0.5019990135819992,0.5395013064353968,49.841792345047,0.0
1,7,RF + ET,2,0.10742800175539724,0.17179368445197496,0.868833909998162,0.9321972441407558,0.9374844801434071,541.8709383010864,0.006999969482421875
1,7,RF + XGBoost,2,0.11092639849279914,0.16596574963180535,0.8775823246390817,0.9369425789635684,0.9419170263538015,267.35581254959106,0.0009999275207519531
1,7,RF + DNN,2,0.11095823255443596,0.17943356244117079,0.8569082669324048,0.9257304835211769,0.9317159108784152,273.4994819164276,0.0010001659393310547
1,7,ET + XGBoost,2,0.11101222171575392,0.16855423047308749,0.8737339778448042,0.934914952006608,0.9400212293188818,361.90737199783325,0.0009999275207519531
1,7,ET + DNN,2,0.10918189894200576,0.17308869870215335,0.8668489455044117,0.9311799992795313,0.9368667608096531,368.0490412712097,0.0
1,7,XGBoost + DNN,2,0.12488903481707954,0.17524841224900928,0.8635054319939708,0.9298446724088029,0.9315139221228202,93.54091548919678,0.0009992122650146484
1,7,RF + ET + XGBoost,3,0.10948356636197606,0.16675688899781838,0.8764124413675647,0.9363036090182597,0.9410188733756085,585.564061164856,0.0009996891021728516
1,7,RF + ET + DNN,3,0.10846853272031624,0.17245224587369862,0.8678263468249245,0.9316842207426389,0.9380535472464497,591.7067313194275,0.0010006427764892578
1,7,RF + XGBoost + DNN,3,0.11157126518430646,0.16623906072458475,0.8771787997192964,0.9367552642965042,0.94176095655753,317.19760489463806,0.0009999275207519531
1,7,ET + XGBoost + DNN,3,0.11147549969130395,0.16881192329696046,0.873347601064646,0.9347322592960224,0.9399783169580855,411.7481644153595,0.00099945068359375
1,7,RF + ET + XGBoost + DNN,4,0.10991782521431356,0.1669943071572051,0.8760602781857683,0.9361373251771234,0.9413599856448674,635.4058532714844,0.00099945068359375
2,19,RF,1,0.12943421391398938,0.1951410068535882,0.8289542236504377,0.9115864692083896,0.9030455074777627,227.61530876159668,0.0
2,19,ET,1,0.11779791169604366,0.17642603573799812,0.8601892314430732,0.9296872045562481,0.9252135846886834,324.98089265823364,0.0
2,19,XGBoost,1,0.13189146308292637,0.18279598865759938,0.8499110933087949,0.9229865972899844,0.9128026175997349,43.510982036590576,0.0
2,19,DNN,1,0.45396450525120735,0.6348703259182411,-0.8104449699066008,0.5520814891744267,0.5753419527969648,50.90716481208801,0.0
2,19,RF + ET,2,0.11899379873125777,0.17818773636598673,0.8573831325072534,0.9259621470840618,0.921116410317698,552.5962014198303,0.0
2,19,RF + XGBoost,2,0.11961882616758189,0.17629632430166198,0.8603947384015849,0.9276075091426697,0.9210502651410617,271.12629079818726,0.0010008811950683594
2,19,RF + DNN,2,0.1297598384372632,0.1942130935427002,0.8305770327307698,0.9114325635113091,0.9022877211319691,278.52347350120544,0.0009999275207519531
2,19,ET + XGBoost,2,0.1179240649771401,0.1724712876978954,0.8663869482621679,0.9308257982967383,0.9257353662680171,368.4918746948242,0.0
2,19,ET + DNN,2,0.11627548178979583,0.17347357848733674,0.8648294918497839,0.9300270731040141,0.9251799654460129,375.8890583515167,0.0010008811950683594
2,19,XGBoost + DNN,2,0.13054596195265167,0.18136071837403872,0.8522587645395889,0.9232219543452029,0.9131155772164647,94.41814684867859,0.0
2,19,RF + ET + XGBoost,3,0.12021813209004206,0.1769971781441007,0.8592825499516787,0.9270125997763583,0.9203185682904194,596.1071834564209,0.0
2,19,RF + ET + DNN,3,0.1193460017591904,0.17811834806145152,0.8574941840985656,0.9260318719473768,0.920785137780164,603.5033662319183,0.0010008811950683594
2,19,RF + XGBoost + DNN,3,0.1196040806593973,0.17622134054851568,0.8605134691842229,0.9276619813395726,0.9215121880688113,322.03445529937744,0.0009996891021728516
2,19,ET + XGBoost + DNN,3,0.11788522769004876,0.1722510729267844,0.8667279300418039,0.9309935043005558,0.9266326993874264,419.39903950691223,0.001001119613647461
2,19,RF + ET + XGBoost + DNN,4,0.1203305156385911,0.17705426974055882,0.8591917566448953,0.926954865202569,0.9204628850394441,647.0143482685089,0.0009987354278564453
3,31,RF,1,0.12104200597003756,0.19012472342635545,0.8429175139220699,0.9181411236793802,0.9105658568758057,221.75325655937195,0.0
3,31,ET,1,0.11445764972772336,0.17982992959226235,0.8594682275070448,0.927991391539404,0.9259610079703646,316.0050768852234,0.0
3,31,XGBoost,1,0.12354997722700613,0.17763576168352574,0.862876660809109,0.9300983195838171,0.9283613669035634,43.25946521759033,0.0
3,31,DNN,1,0.4943820170905644,0.7091930717435949,-1.1856445983659807,0.4950018888928196,0.5050888730025129,54.965081453323364,0.0
3,31,RF + ET,2,0.11595990519623789,0.17958130072003253,0.8598565511011758,0.9277394004217923,0.9245213939301509,537.7593333721161,0.0009999275207519531
3,31,RF + XGBoost,2,0.11621417013651794,0.1720549539852669,0.8713573614882837,0.9338454281584324,0.9320034510284636,265.0127217769623,0.0
3,31,RF + DNN,2,0.12376531999243023,0.1913793450502755,0.8408375178360897,0.9178860433776146,0.9103548483246293,276.7183380126953,0.0010001659393310547
3,31,ET + XGBoost,2,0.11582430724025618,0.17350352659172402,0.8691820953502294,0.9325194575330861,0.9321947800256442,359.2655415534973,0.00099945068359375
3,31,ET + DNN,2,0.11606821548791252,0.1787276166460274,0.8611857971304853,0.9283032027184788,0.9268181618777332,370.97015833854675,0.0
3,31,XGBoost + DNN,2,0.12450211311196611,0.17641253160680107,0.8647586677968389,0.930012172175755,0.9284083791714421,98.22554755210876,0.0010008811950683594
3,31,RF + ET + XGBoost,3,0.11529400046370529,0.17245477767427975,0.8707587837076664,0.9335135483133841,0.9321808403415638,581.0177986621857,0.0
3,31,RF + ET + DNN,3,0.11646429028612569,0.17927590468750806,0.8603328018120553,0.9280356814106637,0.925198151925892,592.7234148979187,0.0013012886047363281
3,31,RF + XGBoost + DNN,3,0.1163238091608172,0.17135502823793886,0.8724018783619516,0.9344489839224726,0.9325875511241418,319.9788134098053,0.0010101795196533203
3,31,ET + XGBoost + DNN,3,0.11604927977145274,0.17276931330246104,0.8702869146321363,0.9331451493090934,0.9333077681349568,414.2306227684021,0.0009992122650146484
3,31,RF + ET + XGBoost + DNN,4,0.11562639521904979,0.17173389155448554,0.871837019658623,0.9341432040676204,0.9327078150652267,635.982880115509,0.0
4,41,RF,1,0.12134688956925334,0.2030729071007006,0.8288443120156533,0.911710864551525,0.9140546044758224,173.8065881729126,0.0
4,41,ET,1,0.1143262199403795,0.18788607326533727,0.8534868706765427,0.9265671823403321,0.930158492841366,246.8055019378662,0.0
4,41,XGBoost,1,0.1261921718348267,0.18875308039754846,0.852131570484517,0.9273207855144874,0.9269796982167815,31.82765483856201,0.0
4,41,DNN,1,0.463645156481258,0.6622304838695275,-0.8201438023444185,0.533047016965181,0.598908686732802,35.67573308944702,0.0
4,41,RF + ET,2,0.11527259379359384,0.18794189704299802,0.8533997952349937,0.9246593847730624,0.9279770689463694,420.61309003829956,0.0009999275207519531
4,41,RF + XGBoost,2,0.11390473690744914,0.18121329288883048,0.8637089087657184,0.9303904841166721,0.9341531689753557,205.6342430114746,0.0
4,41,RF + DNN,2,0.1251530666761607,0.2070404988404129,0.8220909767930091,0.9074996684377794,0.9077251679219528,209.48232126235962,0.0010001659393310547
4,41,ET + XGBoost,2,0.11515284139991899,0.18014077255327043,0.8653174264687431,0.9312938135875858,0.9344543754823458,278.6331567764282,0.0005037784576416016
4,41,ET + DNN,2,0.11724006633513799,0.18846732521858606,0.8525789505743668,0.9242502350051935,0.926717850817783,282.48123502731323,0.0
4,41,XGBoost + DNN,2,0.1262649817520589,0.18738168589751036,0.854272455020508,0.9255950268892432,0.9257770588059326,67.50338792800903,0.0009999275207519531
4,41,RF + ET + XGBoost,3,0.11340403239641493,0.18091859593379545,0.8641518333465653,0.9306130881523679,0.9344305960212675,452.44074535369873,0.0010004043579101562
4,41,RF + ET + DNN,3,0.11697441623061035,0.1909654133993729,0.848644990667111,0.9220842998252718,0.9244421290598903,456.28782320022583,0.0010001659393310547
4,41,RF + XGBoost + DNN,3,0.11458287421015849,0.18303423267218058,0.8609560777105012,0.9288997320922526,0.9327157415522526,241.31097602844238,0.0009999275207519531
4,41,ET + XGBoost + DNN,3,0.11576019379664514,0.18169363003147093,0.8629854250044011,0.9300343005196918,0.9323131306767571,314.30888986587524,0.0009992122650146484
4,41,RF + ET + XGBoost + DNN,4,0.11403197334440916,0.18265541179474937,0.8615310328128274,0.9291960345252184,0.932955449453006,488.11547803878784,0.0010001659393310547
5,55,RF,1,0.12753082510412161,0.2160597045174459,0.7994222719877171,0.894370933819638,0.889380771646595,167.28878617286682,0.0
5,55,ET,1,0.1254528258526094,0.2100680765932318,0.8103926056502264,0.9009027676166002,0.900701207108318,235.29448056221008,0.0
5,55,XGBoost,1,0.13465881111814382,0.2078479160556486,0.8143792594374462,0.9033319273618947,0.901872263824137,29.655615091323853,0.0
5,55,DNN,1,0.48873457039891516,0.7018245198101435,-1.1163730687366393,0.5651718093983362,0.5944149152433098,31.52105402946472,0.0
5,55,RF + ET,2,0.12530012720875705,0.20932507897110744,0.8117314926183795,0.9013358621814835,0.9008638367559214,402.5842664241791,0.0009996891021728516
5,55,RF + XGBoost,2,0.12642110689575276,0.20326122121402498,0.8224812573779349,0.9070852528427906,0.9092250381906397,196.94440126419067,0.0
5,55,RF + DNN,2,0.1314143237461895,0.21724270149700503,0.7972198025617756,0.8932547213829529,0.8872395721938371,198.80984020233154,0.0010008811950683594
5,55,ET + XGBoost,2,0.12649211709982797,0.20465831469108597,0.8200325599681236,0.9057567797931537,0.9073468831618131,264.95109581947327,0.0010001659393310547
5,55,ET + DNN,2,0.12606395614109597,0.20988773606499275,0.8107180165428864,0.9007383701341847,0.9004710656574236,266.8155345916748,0.0009999275207519531
5,55,XGBoost + DNN,2,0.1342664611285495,0.2070292394380467,0.8158386349689375,0.9032883303044092,0.9017898691022749,61.176669120788574,0.0010001659393310547
5,55,RF + ET + XGBoost,3,0.1257344723905416,0.20348887824244183,0.82208338491477,0.9068976337664763,0.9100145560367869,432.2398817539215,0.0009999275207519531
5,55,RF + ET + DNN,3,0.12595490177146473,0.20950588797531566,0.8114061102688201,0.9011460466158581,0.9005776632415673,434.1043207645416,0.0
5,55,RF + XGBoost + DNN,3,0.1259515890422326,0.2030752358943953,0.8228059703263154,0.907262380149896,0.9095020676514819,228.46645760536194,0.0010023117065429688
5,55,ET + XGBoost + DNN,3,0.12595563104589536,0.20446361056956475,0.8203748254100625,0.905949347021832,0.9077218879962868,296.47114968299866,0.0014758110046386719
5,55,RF + ET + XGBoost + DNN,4,0.12517187451140285,0.20327690117915065,0.8224538680408182,0.9071025867253877,0.9094916812202065,463.7599358558655,0.0015022754669189453
6,73,RF,1,0.12527167220209862,0.20551542557075794,0.8207891825859999,0.9075988802868824,0.917034815595755,181.7596890926361,0.0
6,73,ET,1,0.12379870385567661,0.19774043908136196,0.8340923699112882,0.9160323291113828,0.9219891653136976,261.4540026187897,0.0
6,73,XGBoost,1,0.13996590792875788,0.2011870010198663,0.8282585184230136,0.9128992132985335,0.9125674315134523,34.067933559417725,0.0
6,73,DNN,1,0.4563923128436567,0.6395385112167723,-0.7354366884865604,0.5095121171094341,0.5336881119110484,40.33020377159119,0.0
6,73,RF + ET,2,0.1220791150664843,0.19501336803426858,0.838636933948428,0.9158744066167737,0.9231529921117798,443.2136917114258,0.0010001659393310547
6,73,RF + XGBoost,2,0.12550917521485283,0.18981332381698862,0.8471277140858771,0.9206073762166298,0.9247594618680712,215.82862257957458,0.0009999275207519531
6,73,RF + DNN,2,0.13049851346029823,0.20988826447765377,0.8130817594935095,0.9019830352173778,0.9087601336022872,222.0898928642273,0.0
6,73,ET + XGBoost,2,0.12549400899121632,0.19079833009421932,0.8455369841603787,0.9197329035063507,0.9235416632500778,295.5219361782074,0.0
6,73,ET + DNN,2,0.12597813001027583,0.1984022994205661,0.8329798867955225,0.9128973978656756,0.916681153003045,301.7852063179016,0.0009999275207519531
6,73,XGBoost + DNN,2,0.1414244724179963,0.20291793233617195,0.8252906177720343,0.9087885124917434,0.9051877483860035,74.39813733100891,0.0010008811950683594
6,73,RF + ET + XGBoost,3,0.12430327664699854,0.1897871263570085,0.8471699091135186,0.9205938569811871,0.9250110697476097,477.2816252708435,0.0009996891021728516
6,73,RF + ET + DNN,3,0.1250763178012466,0.1985942439131125,0.8326565629376357,0.9126952771010497,0.9178843389037397,483.5448954105377,0.0009999275207519531
6,73,RF + XGBoost + DNN,3,0.12857058833969193,0.1933343696540149,0.8414035343015444,0.9175229310643347,0.9203754421065865,256.1588273048401,0.0010008811950683594
6,73,ET + XGBoost + DNN,3,0.12787717287447212,0.1938902736814677,0.8404901823097144,0.9170258928817467,0.919791615417835,335.8531403541565,0.0010004043579101562
6,73,RF + ET + XGBoost + DNN,4,0.12698165703546524,0.1929388559607167,0.8420517678470234,0.9178496008445747,0.9213681661391454,517.6128289699554,0.0009999275207519531
7,89,RF,1,0.12034989351627,0.19092393471051572,0.8429982595654818,0.9182463436166238,0.9058500922821343,195.29267930984497,0.0
7,89,ET,1,0.11308511156180241,0.1798215585281961,0.8607269041505468,0.9284936808045066,0.9161762949353637,276.7403881549835,0.0
7,89,XGBoost,1,0.12322996130995233,0.18105317494751452,0.8588125791953128,0.9274765137675045,0.9094620128524245,37.16605615615845,0.0
7,89,DNN,1,0.4729574526480038,0.6569828115663803,-0.8590528207950676,0.5790916929015018,0.5881115251410657,41.81392002105713,0.0
7,89,RF + ET,2,0.11434750349732,0.18070766167032534,0.8593509357496907,0.9276809024360788,0.9145508182186024,472.03406739234924,0.0009999275207519531
7,89,RF + XGBoost,2,0.11555025072487791,0.17377914704258499,0.8699294318806572,0.9332477048589156,0.9200228282857891,232.45873546600342,0.0009999275207519531
7,89,RF + DNN,2,0.12408039780984309,0.19481706872483073,0.8365301275649188,0.9159551444050933,0.903033904322949,237.1075987815857,0.00099945068359375
7,89,ET + XGBoost,2,0.11467110023584903,0.17387075143485997,0.8697922672560048,0.933000265157659,0.9190186242404922,313.90644431114197,0.0
7,89,ET + DNN,2,0.11453665485805772,0.18076071412111328,0.8592683396626078,0.9274834171142698,0.9148686977245034,318.55430817604065,0.0009999275207519531
7,89,XGBoost + DNN,2,0.12417160632201057,0.18134989992600029,0.8583494206347373,0.9267606596794756,0.9086198918226042,78.97997617721558,0.0
7,89,RF + ET + XGBoost,3,0.11447485848527231,0.1735715537667037,0.8702400059384349,0.9334033499976331,0.9198416123679798,509.19912362098694,0.0010004043579101562
7,89,RF + ET + DNN,3,0.1152096822490188,0.18197731663696623,0.8573675874013302,0.9266799036372214,0.9123289416034095,513.8469874858856,0.0
7,89,RF + XGBoost + DNN,3,0.11572545898858516,0.17408544113668195,0.8694705165581774,0.9330144371527993,0.91960600434211,274.27265548706055,0.0
7,89,ET + XGBoost + DNN,3,0.11478073791331497,0.17417013815024562,0.8693434738056239,0.9327701916917004,0.9185413949908765,355.7203643321991,0.0010001659393310547
7,89,RF + ET + XGBoost + DNN,4,0.11459246551395356,0.17379621165551998,0.8699038855142913,0.9332324646020644,0.9196787093709746,551.0140445232391,0.0010008811950683594
8,101,RF,1,0.1093412660664395,0.17641723565207976,0.8585620269949313,0.9269532064731261,0.9154304081866933,171.5603084564209,0.0
8,101,ET,1,0.10492111336965544,0.16898475825793532,0.8702285766983744,0.9333598066994119,0.9260907117984377,238.99205207824707,0.0
8,101,XGBoost,1,0.12077705261606561,0.17679825042001907,0.8579504297173786,0.9272962013167776,0.9246289584597471,29.82003402709961,0.0
8,101,DNN,1,0.43412332799320047,0.5932163505079179,-0.5992274065934673,0.5670486237832436,0.5593108877117601,33.49300193786621,0.0
8,101,RF + ET,2,0.10462323939857528,0.16875971562675665,0.87057398840076,0.9335265459066742,0.9263257731057064,410.55236053466797,0.0
8,101,RF + XGBoost,2,0.10665386129262379,0.16716604387149162,0.8730068991754277,0.9346430371998805,0.9303857738710224,201.3803424835205,0.0015003681182861328
8,101,RF + DNN,2,0.11237753220190853,0.17760343761338235,0.8566536188571532,0.9256512496770264,0.9141971563048363,205.05431008338928,0.0009996891021728516
8,101,ET + XGBoost,2,0.10815149373440318,0.16782590474585798,0.8720023510545162,0.9342282258831938,0.9307509388785936,268.8120861053467,0.0
8,101,ET + DNN,2,0.10554987712877639,0.16939000489702788,0.8696054140923093,0.9329664320574143,0.9258993828274048,272.4860544204712,0.0010004043579101562
8,101,XGBoost + DNN,2,0.11839349845517828,0.17586678788694504,0.85944326467612,0.9273604598053415,0.9252696371856054,63.31303596496582,0.0
8,101,RF + ET + XGBoost,3,0.10609316517002285,0.1667147183605104,0.8736917015808661,0.9350677561572549,0.9304541056463913,440.37339520454407,0.0010006427764892578
8,101,RF + ET + DNN,3,0.10496923094566912,0.1691936186729225,0.8699075907873934,0.9331084303390926,0.9261185911627882,444.0453624725342,0.0
8,101,RF + XGBoost + DNN,3,0.10659863042127127,0.16723911188391186,0.8728958579471897,0.934561810085742,0.9303360283385539,234.87434363365173,0.0009992122650146484
8,101,ET + XGBoost + DNN,3,0.10820859097791882,0.16786653000678092,0.8719403753152788,0.934163941043124,0.9307935779064238,302.3050880432129,0.0
8,101,RF + ET + XGBoost + DNN,4,0.106199328156874,0.1667792672973294,0.8735938740487225,0.9349912488628742,0.9305268106553838,473.8663959503174,0.00099945068359375
9,131,RF,1,0.12296556148713117,0.19558181922297732,0.8311173248952307,0.9126883683326602,0.8985365512333136,143.9391074180603,0.0
9,131,ET,1,0.11304196441501294,0.1746699872571527,0.8653008938399432,0.9323499309599553,0.9210465644341664,201.84190440177917,0.0
9,131,XGBoost,1,0.1274769240075045,0.18010755456625602,0.8567838496041884,0.927511904996521,0.9177585634794684,25.645260095596313,0.0
9,131,DNN,1,0.4906591236429854,0.7353286952021689,-1.38721296691428,0.5343260266706646,0.5690538655506648,36.64433240890503,0.0
9,131,RF + ET,2,0.11205263935134724,0.1761436191488379,0.863018484279942,0.9292748738583301,0.9179232543650787,345.7820122241974,0.0010004043579101562
9,131,RF + XGBoost,2,0.11476684283646489,0.17468264186978252,0.865281375584019,0.9305604654565454,0.9192607700503649,169.58536982536316,0.0010023117065429688
9,131,RF + DNN,2,0.12004775805636306,0.19150054093090033,0.8380920601326112,0.9158549571334963,0.9021345078751112,180.58343982696533,0.0
9,131,ET + XGBoost,2,0.11190334960647545,0.1687771859770509,0.8742362090731232,0.935282973734541,0.9256122222090892,227.4871644973755,0.0010008811950683594
9,131,ET + DNN,2,0.11058386446809379,0.17154801982085163,0.8700729567207477,0.9330325296873883,0.9223891477070605,238.4872362613678,0.00099945068359375
9,131,XGBoost + DNN,2,0.12514695263473966,0.17801811333806591,0.860087497438855,0.9277216766112741,0.9182425005504898,62.28959250450134,0.0009996891021728516
9,131,RF + ET + XGBoost,3,0.11345815107990945,0.17331514764006023,0.8673823952836553,0.9316722783782045,0.9207715972573483,371.42727184295654,0.0009999275207519531
9,131,RF + ET + DNN,3,0.11141797208157234,0.17519227198419374,0.8644941557563721,0.9300647508433268,0.9189725575378475,382.4253442287445,0.0010001659393310547
9,131,RF + XGBoost + DNN,3,0.11477929798976716,0.17469685739260402,0.8652594481207772,0.9305488218531212,0.9193502957469556,206.2296998500824,0.0009999275207519531
9,131,ET + XGBoost + DNN,3,0.1119738740257058,0.16884904529186748,0.874129094789014,0.9352257559395571,0.9256813739941141,264.1314969062805,0.0009999275207519531
9,131,RF + ET + XGBoost + DNN,4,0.11352357744121506,0.1733822798203545,0.8672796387351931,0.9316177018493488,0.9208311825898994,408.0706043243408,0.0013895034790039062
10,157,RF,1,0.10851306831590368,0.16580120755767888,0.8786424262048134,0.9382992466544482,0.9359404376269437,145.0959918498993,0.0
10,157,ET,1,0.10731097128034593,0.15876149915275614,0.888729026094057,0.944156406208092,0.941094166952101,205.76962852478027,0.0
10,157,XGBoost,1,0.12516940565221457,0.17000923430718634,0.8724041558131338,0.9351709028814331,0.9236064208927264,25.490715742111206,0.0
10,157,DNN,1,0.4176467238685849,0.5836367798324729,-0.5037540570520402,0.5877006687344329,0.5939853261572415,33.868518590927124,0.0
10,157,RF + ET,2,0.10739562055132423,0.15611232492324442,0.8924114907493083,0.9451685726949841,0.9430162036550208,350.86661982536316,0.00099945068359375
10,157,RF + XGBoost,2,0.11235988486705754,0.15478525428141138,0.8942328805019506,0.9462229530699432,0.9422068818863426,170.58770775794983,0.0010001659393310547
10,157,RF + DNN,2,0.1085707854042981,0.16458306323991184,0.8804191078408036,0.9386382212521241,0.9367127323178851,178.96451044082642,0.0
10,157,ET + XGBoost,2,0.11295312386416419,0.1582493833458687,0.8894457202429286,0.9438567288904596,0.9374673886513266,231.26034426689148,0.0010001659393310547
10,157,ET + DNN,2,0.10833164162569202,0.15758926656315939,0.8903661222471856,0.9441557632859262,0.9410591810735496,239.6381471157074,0.0
10,157,XGBoost + DNN,2,0.12589231778251989,0.16955336414060365,0.8730875204907248,0.9352765546067274,0.9237182117077855,59.35923433303833,0.0009999275207519531
10,157,RF + ET + XGBoost,3,0.1114176947175133,0.15466443516349654,0.8943979311442326,0.9463474733186046,0.9421062974855071,376.3573360443115,0.0009999275207519531
10,157,RF + ET + DNN,3,0.10742996200060914,0.1561101610883191,0.8924144732449001,0.9451666300202568,0.9430547427868626,384.7341389656067,0.0
10,157,RF + XGBoost + DNN,3,0.1125753316251705,0.15492832886286464,0.8940372600564505,0.9460738990563267,0.9416883802331232,204.45522618293762,0.0010008811950683594
10,157,ET + XGBoost + DNN,3,0.11317216634126674,0.15828824422790533,0.8893914165326557,0.9437890858498543,0.9373422048046348,265.12986397743225,0.001001119613647461
10,157,RF + ET + XGBoost + DNN,4,0.11167853281180036,0.1547855282413109,0.8942325060996833,0.9462113339741239,0.9419625273908349,410.2248547077179,0.0
11,202,RF,1,0.12767472308292432,0.1991307518480811,0.8113525655745035,0.9010612079119497,0.8927400075356375,187.32973718643188,0.0
11,202,ET,1,0.12195542980041144,0.18682560232522502,0.8339468882563055,0.9142851736969064,0.9069360724721527,269.1173083782196,0.0
11,202,XGBoost,1,0.13217509390048968,0.18695833366793388,0.8337108576310319,0.9136179790179976,0.9029501428066055,35.301241397857666,0.0
11,202,DNN,1,0.4448530004293084,0.6452378954986413,-0.9806784130545334,0.5539908927056457,0.6017329760583249,48.52970027923584,0.0
11,202,RF + ET,2,0.12204702655843033,0.18749742609751988,0.8327504889591117,0.9126337890899323,0.9045583996914768,456.4470455646515,0.0010008811950683594
11,202,RF + XGBoost,2,0.12374745562210594,0.18227498271584722,0.8419376743247223,0.9178510514392699,0.9089887592847606,222.63097858428955,0.0009996891021728516
11,202,RF + DNN,2,0.12676398986666357,0.1991493646505386,0.8113172980781721,0.9009103789168584,0.8912856338299271,235.86043763160706,0.0010001659393310547
11,202,ET + XGBoost,2,0.12351878502188107,0.18114768089578429,0.8438867399026017,0.9188117470325734,0.9102712102201475,304.41854977607727,0.0
11,202,ET + DNN,2,0.12115871139240388,0.18586299894733072,0.8356536296736572,0.9141830449282989,0.9071536408746608,317.64700865745544,0.0009999275207519531
11,202,XGBoost + DNN,2,0.13230960447608203,0.18655208794073427,0.8344327388888313,0.9138745603668201,0.9034921505229039,83.8309416770935,0.0009999275207519531
11,202,RF + ET + XGBoost,3,0.12322842144358023,0.1819124613250889,0.8425657801806137,0.918169582524516,0.9095130007370352,491.74828696250916,0.0010039806365966797
11,202,RF + ET + DNN,3,0.12181597530320804,0.18758716979283704,0.8325903461607252,0.9125501418104374,0.9047185693948309,504.9777457714081,0.0009999275207519531
11,202,RF + XGBoost + DNN,3,0.12388977754555314,0.18232322721286712,0.8418539914576357,0.9178073222894378,0.9088395226669599,271.1606788635254,0.0
11,202,ET + XGBoost + DNN,3,0.12357599616170863,0.1811664146604109,0.8438544486772155,0.9187944413247069,0.9102542639375403,352.9482500553131,0.0010006427764892578
11,202,RF + ET + XGBoost + DNN,4,0.12337254847911959,0.18196230521373366,0.8424794946263532,0.9181243650896337,0.909708702968437,540.2789895534515,0.0010023117065429688
12,271,RF,1,0.11537869508622493,0.1768851275971051,0.8547421982560587,0.9246630622190416,0.9261608101088489,175.3220989704132,0.0
12,271,ET,1,0.11178736475403753,0.1727065733349586,0.8615239828207735,0.928905530307413,0.9321898601371451,251.353520154953,0.0
12,271,XGBoost,1,0.12297872097628404,0.1737023207866811,0.8599226003627456,0.9283674701291615,0.9253618748820508,31.71395254135132,0.0
12,271,DNN,1,0.42228153837107985,0.5548622400037846,-0.4293124304392413,0.6380781255355468,0.6159525471287793,37.29797291755676,0.0
12,271,RF + ET,2,0.11281075717374016,0.1721721138441942,0.8623797152278304,0.9292921244539196,0.9326747424814282,426.6756191253662,0.0010004043579101562
12,271,RF + XGBoost,2,0.11525961774677526,0.16480073384226931,0.8739116064526147,0.9351070364407613,0.9353361288322091,207.03605151176453,0.0010006427764892578
12,271,RF + DNN,2,0.11799488119495426,0.178109569701233,0.8527242178273373,0.9239044087623827,0.9247411489497697,212.62007188796997,0.0
12,271,ET + XGBoost,2,0.1145396779426577,0.16737721471075012,0.869938277245036,0.9331138689572336,0.9333053081907074,283.06847190856934,0.0009992122650146484
12,271,ET + DNN,2,0.11323057038684238,0.17268183456935798,0.8615636510315536,0.9288747074782715,0.932230039226553,288.65149307250977,0.0
12,271,XGBoost + DNN,2,0.12258975362062936,0.17254573073881876,0.8617817896924542,0.9284882760146873,0.925044815401009,69.01292610168457,0.0010006427764892578
12,271,RF + ET + XGBoost,3,0.11392367115311901,0.16553992578650367,0.8727779640391456,0.9345894011825551,0.935677241101468,458.3905711174011,0.00099945068359375
12,271,RF + ET + DNN,3,0.11305989521274092,0.1722569973002941,0.8622439840137119,0.9292376218219691,0.9324446010305342,463.973592042923,0.0009999275207519531
12,271,RF + XGBoost + DNN,3,0.11522182252450505,0.16480636499554713,0.873902989558932,0.935103415708665,0.9354886453756758,244.33502435684204,0.0009999275207519531
12,271,ET + XGBoost + DNN,3,0.11463264813273144,0.16738081982618427,0.8699326744206067,0.9331088520961179,0.9331836776139284,320.3654456138611,0.0
12,271,RF + ET + XGBoost + DNN,4,0.11396145682447731,0.16553870600571158,0.8727798389031499,0.934589649279568,0.9356876275327436,495.6885437965393,0.0009992122650146484
13,314,RF,1,0.12066774821879354,0.1904316184489115,0.8357348844543844,0.9151497582360627,0.901122281078658,167.1712396144867,0.0
13,314,ET,1,0.11869670843688913,0.18313507143403632,0.8480816373395623,0.9218227674382103,0.91297702412385,234.02248811721802,0.0
13,314,XGBoost,1,0.13190390332026047,0.188520927187151,0.8390146482906806,0.9162869252040763,0.9059497843449169,28.875648975372314,0.0
13,314,DNN,1,0.42644564381811784,0.5786602813608009,-0.5167519933617277,0.5719573796900482,0.5510875685367707,38.69552659988403,0.0
13,314,RF + ET,2,0.1183781194683627,0.18190400787079317,0.8501172121331495,0.9222973373007098,0.9126971371719391,401.19472789764404,0.0010001659393310547
13,314,RF + XGBoost,2,0.12441287552656691,0.18034543295445812,0.8526746355229098,0.9239240102745663,0.9144644702100793,196.046888589859,0.0009999275207519531
13,314,RF + DNN,2,0.12221449073214902,0.19221570840454824,0.8326425770628356,0.9130139002067713,0.8970081615472502,205.86776614189148,0.0009999275207519531
13,314,ET + XGBoost,2,0.12556749183238314,0.18211075566379806,0.8497763120502855,0.9224309887800654,0.9141763834451242,262.8991370201111,0.0009999275207519531
13,314,ET + DNN,2,0.11965134016564422,0.18347406259490406,0.8475187015221384,0.9208609939131347,0.9121690692118887,272.71801471710205,0.0
13,314,XGBoost + DNN,2,0.1353034366205413,0.18973588986641887,0.8369329541104862,0.9156138197357184,0.9042644494372195,67.57217597961426,0.0010004043579101562
13,314,RF + ET + XGBoost,3,0.12382230840894429,0.1801703986455306,0.852960470092156,0.9240849849927703,0.9146388529008206,430.069376707077,0.0
13,314,RF + ET + DNN,3,0.1186091201024638,0.182941790246114,0.8484021381207926,0.9213656800248162,0.9113802471970306,439.8902544975281,0.0010001659393310547
13,314,RF + XGBoost + DNN,3,0.1245900499375304,0.18066795936265823,0.8521472164636833,0.9236266270813367,0.9139456953714789,234.74241518974304,0.0
13,314,ET + XGBoost + DNN,3,0.1257831485638978,0.18244223453306246,0.8492289385854332,0.9221196056269094,0.9137811524563907,301.5946638584137,0.0010001659393310547
13,314,RF + ET + XGBoost + DNN,4,0.12399941065115071,0.18045168351138638,0.8525009908359144,0.9238259548667324,0.9141758367909212,468.76490330696106,0.0
14,401,RF,1,0.12032962289213422,0.18498556911029787,0.8522119189797215,0.925560690014068,0.9300610421582918,166.93061017990112,0.0
14,401,ET,1,0.12013369738865118,0.18421545809571024,0.8534398668934824,0.9266299630134923,0.9331296863652999,236.18645763397217,0.0
14,401,XGBoost,1,0.13315802083790593,0.18734424866406305,0.8484191143703057,0.9235284350427801,0.921174629006225,29.67275381088257,0.0
14,401,DNN,1,0.4722881732736523,0.6906039529768212,-1.059784708765338,0.44938207667496743,0.5185795514646567,36.05103635787964,0.0
14,401,RF + ET,2,0.11646214662042273,0.18035705856948062,0.8595149864866882,0.9277098838796207,0.934378518233281,403.1170678138733,0.0
14,401,RF + XGBoost,2,0.11818589854018001,0.17420966071535193,0.8689285270883783,0.9325682021095901,0.935800912858138,196.6033639907837,0.0
14,401,RF + DNN,2,0.11861088237858163,0.18383664091101543,0.8540420141070043,0.9255492397683771,0.9312114762428466,202.98164653778076,0.0010023117065429688
14,401,ET + XGBoost,2,0.11867450993690903,0.17795174259528582,0.863237131776973,0.929492079383986,0.9336358882955913,265.85921144485474,0.0009999275207519531
14,401,ET + DNN,2,0.1174445259599039,0.18159617031070208,0.8575779997929591,0.9266771353373224,0.9336099222138537,272.2374939918518,0.0009996891021728516
14,401,XGBoost + DNN,2,0.1303390601499619,0.18485235507386427,0.8524246962047067,0.9234508792002233,0.9205733092186221,65.72523403167725,0.0014438629150390625
14,401,RF + ET + XGBoost,3,0.11709093327406213,0.17499821959534576,0.8677392532313359,0.9319390936508277,0.93608435313984,432.78982162475586,0.0009987354278564453
14,401,RF + ET + DNN,3,0.11636160244298487,0.18032199551412983,0.8595696043101363,0.9277852981531354,0.9341636830728008,439.16810417175293,0.0009999275207519531
14,401,RF + XGBoost + DNN,3,0.11810652854036725,0.17429348700524736,0.8688023586696831,0.9324277962283556,0.9346679717128589,232.65440034866333,0.0010004043579101562
14,401,ET + XGBoost + DNN,3,0.11870262738712563,0.17804564832648373,0.8630927532443137,0.9293395636535008,0.9326956428095211,301.9102478027344,0.0
14,401,RF + ET + XGBoost + DNN,4,0.11718517624873669,0.17511132677123362,0.8675682289313289,0.9317716512961818,0.9350571896117436,468.8408579826355,0.00099945068359375
15,512,RF,1,0.13647195317836205,0.21374677626585467,0.8113251342652253,0.904800102292636,0.9119543346758567,217.83417963981628,0.0
15,512,ET,1,0.1298256946362374,0.20511529492315803,0.8262555284813087,0.914994313724409,0.9243461705559857,305.3260576725006,0.0
15,512,XGBoost,1,0.13972373405328714,0.204379339841362,0.8275000844364272,0.9144733081081391,0.9183701443592117,40.763376235961914,0.0
15,512,DNN,1,0.4774764731226141,0.7283397368182356,-1.190700021647805,0.5075141308141227,0.5755084876983421,50.927520990371704,0.0
15,512,RF + ET,2,0.12856468144437014,0.20169878594908922,0.831995284672226,0.9140447305636434,0.9221316734719086,523.1602373123169,0.0009999275207519531
15,512,RF + XGBoost,2,0.1270074876167471,0.19262997388490916,0.8467633551974779,0.9220839498265913,0.9295661736801162,258.5975558757782,0.0009999275207519531
15,512,RF + DNN,2,0.13615405607535805,0.21417287581603842,0.8105721459961499,0.9018753748965922,0.9083986209549533,268.7627012729645,0.0010006427764892578
15,512,ET + XGBoost,2,0.1271167325458046,0.1949827763184804,0.8429971982204489,0.9201775828098615,0.9294628559933993,346.09043431282043,0.0010004043579101562
15,512,ET + DNN,2,0.1278021903642196,0.2020225801441802,0.8314554438834441,0.9140494055465795,0.9234592237480579,356.2535786628723,0.0
15,512,XGBoost + DNN,2,0.137625347973831,0.20253890148008213,0.830592823918119,0.9129565897067466,0.9163453363613293,91.69089722633362,0.0009999275207519531
15,512,RF + ET + XGBoost,3,0.12662184913991134,0.19312145182301246,0.8459804188233285,0.9216606305699326,0.9295973329824594,563.9236135482788,0.0009996891021728516
15,512,RF + ET + DNN,3,0.12881607047400181,0.2028107049619818,0.8301378361991009,0.9130322312557719,0.9212512865171056,574.0877583026886,0.0010001659393310547
15,512,RF + XGBoost + DNN,3,0.1272065536624411,0.19312289604675473,0.8459781151997223,0.9216494504555,0.9285969553809138,309.5250768661499,0.00150299072265625
15,512,ET + XGBoost + DNN,3,0.12736997008424192,0.19534422006780508,0.8424145798005209,0.9198613107302086,0.929102884053171,397.017954826355,0.0009999275207519531
15,512,RF + ET + XGBoost + DNN,4,0.12678771538336905,0.19345584122889123,0.8454465878686782,0.9213670978955666,0.9295322811056376,614.8511345386505,0.0009999275207519531
16,613,RF,1,0.12015322822875218,0.19270346804945768,0.8323614894592966,0.9131620664322762,0.9167869078469568,221.55349373817444,0.0
16,613,ET,1,0.11371622950598237,0.17362364556944146,0.863914305537712,0.9317788070354938,0.934007066600848,315.80528354644775,0.0
16,613,XGBoost,1,0.12283903545471507,0.17264647456633073,0.8654418023793171,0.9313166270105464,0.9277257347649829,42.93399000167847,0.0
16,613,DNN,1,0.4400230031700514,0.6367220355351808,-0.8301828962494908,0.5735502267312853,0.6193156488828393,58.253692626953125,0.0
16,613,RF + ET,2,0.11330116903407875,0.17466638240472393,0.862274809060244,0.9288862056434128,0.9308288181961902,537.3597774505615,0.0010001659393310547
16,613,RF + XGBoost,2,0.11508509808721616,0.16826774361391522,0.872180688349298,0.9340144616610135,0.935059376229153,264.488484621048,0.0010008811950683594
16,613,RF + DNN,2,0.12044679977577685,0.19439803335279726,0.8294002202029461,0.9110508391608254,0.9123704873341895,279.80718636512756,0.0009996891021728516
16,613,ET + XGBoost,2,0.11378763978938969,0.16511322571789086,0.8769282272586711,0.9365877180608446,0.9364041459359743,358.74027371406555,0.0010001659393310547
16,613,ET + DNN,2,0.11279852284339019,0.17284046545129333,0.8651392450406469,0.9304712004221646,0.9319505529272458,374.0589761734009,0.0
16,613,XGBoost + DNN,2,0.12404757200912829,0.17286009888985857,0.8651086048693781,0.9302009092468635,0.9261636699530962,101.18768262863159,0.0009999275207519531
16,613,RF + ET + XGBoost,3,0.11412627849236118,0.16749041835503747,0.8733589021112238,0.9346599666407694,0.9360654935646832,580.2927672863007,0.0
16,613,RF + ET + DNN,3,0.113293766914122,0.1764094933565358,0.8595121916044324,0.9274171347018041,0.9285503628555275,595.6124699115753,0.0010018348693847656
16,613,RF + XGBoost + DNN,3,0.11500358594984003,0.1693527429576594,0.8705270025418297,0.9331434075184679,0.9335221841902991,322.74117636680603,0.0009999275207519531
16,613,ET + XGBoost + DNN,3,0.11384574423580043,0.16606528543722487,0.8755048465593799,0.9358375137364681,0.9350965487251138,416.99296617507935,0.00099945068359375
16,613,RF + ET + XGBoost + DNN,4,0.11405042612455456,0.1685328048752087,0.8717776802423641,0.9338264588101245,0.9342008555687618,638.5464599132538,0.0009996891021728516
17,777,RF,1,0.11107791662403071,0.16310507173161592,0.8749116896788055,0.9368548746330172,0.926216675258288,219.8645145893097,0.0
17,777,ET,1,0.11141506675880365,0.16000150120528991,0.8796267712100456,0.9396302891131467,0.9312747420919363,317.92194962501526,0.0
17,777,XGBoost,1,0.12907038648692667,0.17496428341306086,0.8560602978109548,0.9266600943542651,0.9178387962560959,42.166637897491455,0.0
17,777,DNN,1,0.43800427971761985,0.5984951516042328,-0.6842364733844919,0.6205320336161382,0.6287160030487446,53.96531581878662,0.0
17,777,RF + ET,2,0.10940507974896661,0.15740977851913815,0.8834948265716369,0.9403004472450637,0.9316180410721387,537.7874646186829,0.0010004043579101562
17,777,RF + XGBoost,2,0.1138990841848646,0.15910866190936643,0.8809664347173496,0.9388831513282813,0.9299862776073226,262.0321521759033,0.0009996891021728516
17,777,RF + DNN,2,0.11147182569370914,0.16069623792268203,0.8785791652862742,0.9384319472882339,0.9284846178961501,273.8298304080963,0.0009999275207519531
17,777,ET + XGBoost,2,0.11415972735119714,0.15999602115465356,0.8796350166338389,0.9380587842410779,0.9301767866751579,360.08958745002747,0.0009999275207519531
17,777,ET + DNN,2,0.1105109389585616,0.15788756925291897,0.882786489722326,0.9398830536913664,0.9313477204579507,371.88826417922974,0.0009987354278564453
17,777,XGBoost + DNN,2,0.12689119625851406,0.17291136700620505,0.8594182699765899,0.9271199300188778,0.9180115390550511,96.13195371627808,0.0
17,777,RF + ET + XGBoost,3,0.11209642197933344,0.15811726050734834,0.8824452025422826,0.9396360966038028,0.9308256654800948,579.9531021118164,0.0010025501251220703
17,777,RF + ET + DNN,3,0.10944136777167664,0.15711871914633388,0.88392527723824,0.9405458712013932,0.9315128100949269,591.7517800331116,0.0
17,777,RF + XGBoost + DNN,3,0.1139437065122663,0.15925362416724426,0.880749435406613,0.938760551893804,0.9298982662445636,315.99646830558777,0.0010001659393310547
17,777,ET + XGBoost + DNN,3,0.11428102746756351,0.16018907361425588,0.8793443747197773,0.9378961302704949,0.9300693690802379,414.0549039840698,0.0010006427764892578
17,777,RF + ET + XGBoost + DNN,4,0.11222473213065756,0.15836766807103836,0.8820725687202484,0.9394263302210717,0.9304946662245015,633.918417930603,0.0
18,888,RF,1,0.1272726407686605,0.20728758103059822,0.8105664612106943,0.9010878083339238,0.9028448587478826,223.88176441192627,0.0
18,888,ET,1,0.11810760733168171,0.1910378490467809,0.8391025561583398,0.9184112842934179,0.922233624522558,316.1356921195984,0.0
18,888,XGBoost,1,0.1291749772334695,0.1827187288521049,0.8528106335949697,0.9269916565185732,0.9287759847057805,42.765105962753296,0.0
18,888,DNN,1,0.5048197140442959,0.7105236667754135,-1.2257039783893688,0.4594569208379999,0.4689526934825657,54.481672048568726,0.0
18,888,RF + ET,2,0.11838099092139315,0.19046921850774545,0.8400589638793243,0.916620295739816,0.9200718795906934,540.0174565315247,0.0009999275207519531
18,888,RF + XGBoost,2,0.11807740454558058,0.1790236727142005,0.8587035565581749,0.9269064321471785,0.933212632035914,266.64687037467957,0.0009996891021728516
18,888,RF + DNN,2,0.12949353322019025,0.21130386864594994,0.8031546309591782,0.8962527037034033,0.8962705458358874,278.3644368648529,0.0010004043579101562
18,888,ET + XGBoost,2,0.11628663001367356,0.178420026472255,0.8596548192244264,0.9274551256247662,0.9321548557195255,358.9007980823517,0.0
18,888,ET + DNN,2,0.11825357303268537,0.19201997237850774,0.8374439599503538,0.9153734411503736,0.9182717465623383,370.6173641681671,0.0009996891021728516
18,888,XGBoost + DNN,2,0.12889420112329955,0.1833958770787215,0.8517176563863063,0.9235770755488385,0.9237339175976629,97.24777913093567,0.001001119613647461
18,888,RF + ET + XGBoost,3,0.11682779756723907,0.1793027333744204,0.8582627097137777,0.9266150745405124,0.9317169855234392,582.782562494278,0.0
18,888,RF + ET + DNN,3,0.11918852910619998,0.1937569938882832,0.8344896789922395,0.9136585790065033,0.9168498983975187,594.4991285800934,0.0010001659393310547
18,888,RF + XGBoost + DNN,3,0.1185267114269089,0.18189405888815555,0.8541362637616928,0.924447827944628,0.9285447498831283,321.12954115867615,0.0009987354278564453
18,888,ET + XGBoost + DNN,3,0.11697524274135702,0.18128751469438065,0.8551074366748691,0.9250578335430271,0.9295229879803774,413.3824701309204,0.001001119613647461
18,888,RF + ET + XGBoost + DNN,4,0.11710370114478584,0.18198373943561763,0.8539923957921142,0.9243400598041656,0.9287650516172391,637.2652342319489,0.0009996891021728516
19,1024,RF,1,0.11503925965945108,0.17867765989682374,0.8529316657758917,0.9236550018640859,0.9120488818522383,215.84377002716064,0.0010001659393310547
19,1024,ET,1,0.11208966693427114,0.1692140117420149,0.8680980229284001,0.9320910300127014,0.9227032006754144,309.91334319114685,0.0
19,1024,XGBoost,1,0.12736847388439357,0.17515704904837698,0.8586701490021666,0.9274617839026499,0.9211811673151246,40.67282795906067,0.0
19,1024,DNN,1,0.46282700877488714,0.6385679254163835,-0.8784206877916927,0.51190517451077,0.5426086376593151,53.301069498062134,0.0
19,1024,RF + ET,2,0.11438868615768055,0.16953884554878648,0.8675911222759625,0.9321973565859509,0.9217640483697012,525.7571132183075,0.0
19,1024,RF + XGBoost,2,0.11587578197391564,0.16447127040577397,0.8753883187706292,0.9362220098188819,0.9303383230583584,256.5165979862213,0.0009999275207519531
19,1024,RF + DNN,2,0.11769857121082156,0.18059259496742056,0.8497624341836788,0.9220644261197137,0.9102867653460671,269.14583945274353,0.0009999275207519531
19,1024,ET + XGBoost,2,0.11691346063149484,0.1663058358061573,0.8725928972553586,0.9349775249560345,0.9293855043919681,350.5861711502075,0.0
19,1024,ET + DNN,2,0.11523366101916475,0.17046407208937425,0.866141985468431,0.9313390755711952,0.9210462911069529,363.21541261672974,0.0009999275207519531
19,1024,XGBoost + DNN,2,0.12847114160136464,0.1767717165830901,0.8560524690860972,0.926199097467679,0.9192658376379726,93.97489762306213,0.0010001659393310547
19,1024,RF + ET + XGBoost,3,0.11525341986020471,0.16437227125249315,0.8755382870672098,0.9363819866592367,0.9306264099414264,566.4299411773682,0.0
19,1024,RF + ET + DNN,3,0.11454047901999946,0.17029134316984026,0.8664131210310707,0.9314472365038166,0.92077405720227,579.0591821670532,0.00099945068359375
19,1024,RF + XGBoost + DNN,3,0.11634090870527337,0.16536636810993177,0.8740282861751205,0.9354504035581048,0.9290329122865053,309.81766748428345,0.0
19,1024,ET + XGBoost + DNN,3,0.1173366766892038,0.1670118476141147,0.8715088480863393,0.9343465004744087,0.9285483031369043,403.88724064826965,0.0009999275207519531
19,1024,RF + ET + XGBoost + DNN,4,0.11563256272866111,0.1651054213079175,0.8744255372054544,0.9357378758318556,0.9292283412441844,619.7310106754303,0.0
20,2026,RF,1,0.11927310170907232,0.1708733842376257,0.8656806091872,0.9305102041276906,0.9199271637741251,174.18868350982666,0.0
20,2026,ET,1,0.11350934520657081,0.16109433552717514,0.8806148220197971,0.9387750166529938,0.9299123521744482,248.80710196495056,0.0
20,2026,XGBoost,1,0.12491372208531396,0.1631605128446063,0.8775327417903944,0.9373822270190166,0.9253729344323982,30.617504358291626,0.0
20,2026,DNN,1,0.4784719369021341,0.6755176844222571,-1.0992459182272594,0.5571699159247688,0.5303328933677085,35.27550983428955,0.0
20,2026,RF + ET,2,0.11688302717074112,0.16218864970171148,0.8789873454535365,0.9383341334252533,0.9301042278521287,422.9967863559723,0.0010008811950683594
20,2026,RF + XGBoost,2,0.11741869409832917,0.15754924318795405,0.8858114615706072,0.9417615211587679,0.9332770097132628,204.8061878681183,0.0
20,2026,RF + DNN,2,0.12286211850541855,0.173181139891679,0.8620279683677979,0.929134708891153,0.9188491613912587,209.4641933441162,0.0009996891021728516
20,2026,ET + XGBoost,2,0.11569309272165472,0.15658938164206368,0.8871985999981691,0.9424427961701891,0.9331255864576572,279.4246063232422,0.0
20,2026,ET + DNN,2,0.1169113380536132,0.16221306191631826,0.8789509136905663,0.9382145872688337,0.929518487713568,284.0826117992401,0.0010004043579101562
20,2026,XGBoost + DNN,2,0.12437096681259169,0.16309595523105894,0.8776296356977571,0.9370318273678653,0.9248216335180367,65.89301419258118,0.0010008811950683594
20,2026,RF + ET + XGBoost,3,0.1163445466047877,0.15692219208240407,0.8867186009332136,0.9422819148419606,0.9336678675752045,453.61379194259644,0.0010046958923339844
20,2026,RF + ET + DNN,3,0.11744185980881307,0.16285456626323058,0.8779915943558582,0.9377899796523453,0.9299700242086227,458.2712953090668,0.0010004043579101562
20,2026,RF + XGBoost + DNN,3,0.11752352144623891,0.15764235116425127,0.8856764560941266,0.9416856454169602,0.9333363217104944,240.08169770240784,0.0010020732879638672
20,2026,ET + XGBoost + DNN,3,0.11581538876997767,0.15668806073832278,0.8870563854062354,0.942364636266903,0.9330692810593635,314.7011251449585,0.0010089874267578125
20,2026,RF + ET + XGBoost + DNN,4,0.11642296580706463,0.15698754200657591,0.8866242296756051,0.942229083262234,0.9337367460236028,488.8887996673584,0.0
